-0.861	61.788	5.292
-1.355	58.024	4.901
-3.602	55.639	2.962
-7.184	54.924	3.924
-6.3	51.289	4.601
-3.523	52.376	6.991
-5.498	54.597	9.388
-6.18	51.527	11.547
-2.418	51.354	12.221
-2.416	54.759	13.965
-3.581	53.195	17.236
-1.952	51.735	20.362
-0.637	48.199	19.972
-0.83	47.98	16.17
1.697	46.507	13.747
2.311	46.952	10.042
4.385	49.006	7.61
3.182	52.344	9.007
3.149	51.478	12.713
6.469	49.608	12.509
8.495	51.886	10.233
6.797	55.298	9.983
4.768	56.47	13.003
4.393	54.517	16.246
2.061	55.149	19.177
2.956	53.773	22.619
0.923	51.041	24.266
-0.034	53.474	27.063
-1.059	56.245	24.663
-3.114	59.08	26.173
-4.675	61.118	23.388
-6.829	61.169	20.277
-6.362	60.116	16.649
-8.267	62.176	14.071
-8.448	61.465	10.339
-10.385	62.569	7.271
-10.359	61.72	3.577
-8.303	64.256	1.605
-8.686	62.831	-1.91
-9.799	66.21	-3.267
-6.64	67.917	-1.942
-3.818	65.357	-1.976
-4.329	63.291	-5.142
-3.492	64.709	-8.56
-4.232	63.454	-12.061
-1.574	60.978	-13.126
-0.287	60.655	-9.553
0.854	62.816	-6.647
4.326	61.534	-5.778
5.01	64.174	-3.121
